"id","url"
"1","https://upload.wikimedia.org/wikipedia/commons/thumb/6/68/Museo_del_Prado_2016_%2825185969599%29.jpg/800px-Museo_del_Prado_2016_%2825185969599%29.jpg"
"2","https://upload.wikimedia.org/wikipedia/commons/thumb/d/d4/Palacio_de_Cristal.jpg/800px-Palacio_de_Cristal.jpg"
"3","https://upload.wikimedia.org/wikipedia/commons/thumb/9/9e/Bas%C3%ADlica_de_San_Francisco_el_Grande_%28Madrid%29_03.jpg/800px-Bas%C3%ADlica_de_San_Francisco_el_Grande_%28Madrid%29_03.jpg"
"4","https://upload.wikimedia.org/wikipedia/commons/thumb/6/6f/Julius_Frank_Maria_und_Josef_mit_dem_Jesusknaben.jpg/800px-Julius_Frank_Maria_und_Josef_mit_dem_Jesusknaben.jpg"
"5","https://upload.wikimedia.org/wikipedia/commons/thumb/b/b8/Catedral_de_Barcelona_%289248804702%29.jpg/800px-Catedral_de_Barcelona_%289248804702%29.jpg"
"6","https://upload.wikimedia.org/wikipedia/commons/thumb/8/8b/SerraTramuntana2.jpg/800px-SerraTramuntana2.jpg"
"7","https://upload.wikimedia.org/wikipedia/commons/thumb/b/bb/Torres_serrans_abril.jpg/800px-Torres_serrans_abril.jpg"
"8","https://upload.wikimedia.org/wikipedia/commons/thumb/d/de/Dawn_Charles_V_Palace_Alhambra_Granada_Andalusia_Spain.jpg/800px-Dawn_Charles_V_Palace_Alhambra_Granada_Andalusia_Spain.jpg"
"9","https://upload.wikimedia.org/wikipedia/commons/thumb/8/8d/Belen_maya.jpg/800px-Belen_maya.jpg"
"10","https://upload.wikimedia.org/wikipedia/commons/thumb/a/ad/Mundaka%2C_Euskal_Herria.jpg/800px-Mundaka%2C_Euskal_Herria.jpg"
"11","https://upload.wikimedia.org/wikipedia/commons/thumb/9/96/Barcelona_-_Mercat_de_Sant_Josep_%28la_Boqueria%29_-_Entrance.jpg/800px-Barcelona_-_Mercat_de_Sant_Josep_%28la_Boqueria%29_-_Entrance.jpg"
"12","https://images.unsplash.com/photo-1551817958-d9d86fb29431?w=800&q=80&auto=format&fit=crop"
"13","https://images.unsplash.com/photo-1530870110042-98b2cb110834?w=800&q=80&auto=format&fit=crop"
"14","https://upload.wikimedia.org/wikipedia/commons/thumb/c/c7/Museo_Guggenheim%2C_Bilbao_%2831273245344%29.jpg/800px-Museo_Guggenheim%2C_Bilbao_%2831273245344%29.jpg"
"15","https://upload.wikimedia.org/wikipedia/commons/thumb/3/3a/Costa_Brava_Calas.JPG/800px-Costa_Brava_Calas.JPG"
"16","https://images.unsplash.com/photo-1551817958-d9d86fb29431?w=800&q=80&auto=format&fit=crop"
"17","https://images.unsplash.com/photo-1538677949574-2def2bbe34d3?w=800&q=80&auto=format&fit=crop"
"18","https://images.unsplash.com/photo-1599818073506-72d2e57b2451?w=800&q=80&auto=format&fit=crop"
"19","https://upload.wikimedia.org/wikipedia/commons/thumb/6/68/Museo_del_Prado_2016_%2825185969599%29.jpg/800px-Museo_del_Prado_2016_%2825185969599%29.jpg"
"20","https://upload.wikimedia.org/wikipedia/commons/thumb/3/3f/Madrid_20.JPG/800px-Madrid_20.JPG"
"21","https://upload.wikimedia.org/wikipedia/commons/thumb/0/0e/EMILIO_BEAUCHY%2C_Caf%C3%A9_cantante%2C_hacia_1885%2C_copia_a_la_alb%C3%BAmina.jpg/800px-EMILIO_BEAUCHY%2C_Caf%C3%A9_cantante%2C_hacia_1885%2C_copia_a_la_alb%C3%BAmina.jpg"
"22","https://upload.wikimedia.org/wikipedia/commons/thumb/e/ea/Monumento_a_Daoiz_y_Velarde_en_la_Plaza_del_2_de_Mayo_de_Madrid.jpg/800px-Monumento_a_Daoiz_y_Velarde_en_la_Plaza_del_2_de_Mayo_de_Madrid.jpg"
"23","https://upload.wikimedia.org/wikipedia/commons/thumb/b/b3/Mercado_de_San_Miguel_2025.jpg/800px-Mercado_de_San_Miguel_2025.jpg"
"24","https://images.unsplash.com/photo-1556909114-f6e7ad7d3136?w=800&q=80&auto=format&fit=crop"
"25","https://images.unsplash.com/photo-1583900985737-6d0495555783?w=800&q=80&auto=format&fit=crop"
"26","https://images.unsplash.com/photo-1522163182402-834f871fd851?w=800&q=80&auto=format&fit=crop"
"27","https://images.unsplash.com/photo-1545205597-3d9d02c29597?w=800&q=80&auto=format&fit=crop"
"28","https://images.unsplash.com/photo-1605125571635-09a1ec068dad?w=800&q=80&auto=format&fit=crop"
"29","https://images.unsplash.com/photo-1574629810360-7efbbe195018?w=800&q=80&auto=format&fit=crop"
"30","https://images.unsplash.com/photo-1517604931442-7e0c8ed2963c?w=800&q=80&auto=format&fit=crop"
"31","https://upload.wikimedia.org/wikipedia/commons/thumb/3/31/Bioparc_Valencia_II_%282787453634%29.jpg/800px-Bioparc_Valencia_II_%282787453634%29.jpg"
"32","https://upload.wikimedia.org/wikipedia/commons/thumb/a/ac/Ciutat_de_les_Arts_i_les_Ci%C3%A8ncies.jpg/800px-Ciutat_de_les_Arts_i_les_Ci%C3%A8ncies.jpg"
"33","https://images.unsplash.com/photo-1503095396549-807759245b35?w=800&q=80&auto=format&fit=crop"
"34","https://upload.wikimedia.org/wikipedia/commons/thumb/f/fa/Valencia%2C_loggia_della_seta%2C_interno%2C_sala_delle_contrattazioni%2C_01%2C0.jpg/800px-Valencia%2C_loggia_della_seta%2C_interno%2C_sala_delle_contrattazioni%2C_01%2C0.jpg"
"35","https://upload.wikimedia.org/wikipedia/commons/thumb/e/ed/01_Paella_Valenciana_original.jpg/800px-01_Paella_Valenciana_original.jpg"
"36","https://upload.wikimedia.org/wikipedia/commons/thumb/d/d3/Quart_de_Poblet_-_Centre_Cultural_El_Casino_05.jpg/800px-Quart_de_Poblet_-_Centre_Cultural_El_Casino_05.jpg"
"37","https://upload.wikimedia.org/wikipedia/commons/thumb/5/57/Playa_de_la_Malvarrosa_%28Valencia%29_01.jpg/800px-Playa_de_la_Malvarrosa_%28Valencia%29_01.jpg"
"38","https://images.unsplash.com/photo-1471506480208-91b3a4cc78be?w=800&q=80&auto=format&fit=crop"
"39","https://upload.wikimedia.org/wikipedia/commons/thumb/f/f8/G%C3%BCell_BCN_edited.jpg/800px-G%C3%BCell_BCN_edited.jpg"
"40","https://images.unsplash.com/photo-1583512603805-3cc6b41f3edb?w=800&q=80&auto=format&fit=crop"
"41","https://upload.wikimedia.org/wikipedia/commons/thumb/6/6f/Julius_Frank_Maria_und_Josef_mit_dem_Jesusknaben.jpg/800px-Julius_Frank_Maria_und_Josef_mit_dem_Jesusknaben.jpg"
"42","https://images.unsplash.com/photo-1554907984-15263bfd63bd?w=800&q=80&auto=format&fit=crop"
"43","https://upload.wikimedia.org/wikipedia/commons/thumb/4/48/Casa_Batll%C3%B3%2C_Antoni_Gaud%C3%AD.jpg/800px-Casa_Batll%C3%B3%2C_Antoni_Gaud%C3%AD.jpg"
"44","https://upload.wikimedia.org/wikipedia/commons/thumb/7/78/Passeig_del_Born_Barcelona_Catalonia.JPG/800px-Passeig_del_Born_Barcelona_Catalonia.JPG"
"45","https://upload.wikimedia.org/wikipedia/commons/thumb/9/96/Barcelona_-_Mercat_de_Sant_Josep_%28la_Boqueria%29_-_Entrance.jpg/800px-Barcelona_-_Mercat_de_Sant_Josep_%28la_Boqueria%29_-_Entrance.jpg"
"46","https://images.unsplash.com/photo-1535063406830-ab9eecfa37ff?w=800&q=80&auto=format&fit=crop"
"47","https://upload.wikimedia.org/wikipedia/commons/thumb/5/5b/BCN02.jpg/800px-BCN02.jpg"
"48","https://images.unsplash.com/photo-1521405617584-1d9b25fa5e1c?w=800&q=80&auto=format&fit=crop"
"49","https://upload.wikimedia.org/wikipedia/commons/thumb/0/07/Montserrat-aire.jpg/800px-Montserrat-aire.jpg"
